l_braz_por:
ki_LOT:0 "Lotaríngia"
ki_LOT_ADJ:0 "Lotaríngio"

ki_EUR:0 "Federação Europeia"
ki_EUR_ADJ:0 "Europeu"
dyn_c_european_empire: "Império Europeu"
dyn_c_socialist_republic_of_europe: "República Socialista Europeia"
dyn_c_free_europe: "Europa Livre"
dyn_c_european_state: "Estado Europeu"
dyn_c_holy_european_order: "Sagrada Ordem Europeia"


ki_WGR:0 "Volga Alemanha"
ki_WGR_ADJ:0 "Volga alemão"
dyn_c_volga_socialist_republic: "República Socialista do Volga"
dyn_c_far_east_german_state: "Estado do Extremo Oriente Alemão"

ki_BNL:0 "Benelux"
ki_BNL_ADJ:0 "Beneluxiano"

ki_CEL:0 "Celtica"
ki_CEL_ADJ:0 "Celta"

ki_INC:0 "Inca"
ki_INC_ADJ:0 "Inca"

ki_ZAP:0 "Zapadoslávia"
ki_ZAP_ADJ:0 "Zapadoslavo"

ki_CNW:0 "Cornualha"
ki_CNW_ADJ:0 "Cornualha"

ki_CRT:0 "Cartago"
ki_CRT_ADJ:0 "cartaginese"

ki_CRB:0 "Federação do Caribe"
ki_CRB_ADJ:0 "Caribe"
dyn_c_kingdom_of_the_caribbean: "Reino do Caribe"
dyn_c_caribbean_socialist_republics: "Repúblicas Socialistas do Caribe"
dyn_c_caribbean_free_states: "Estados Livres do Caribe"
dyn_c_caribbean_state: "Estado do Caribe"

ki_HRE:0 "Sacro Império Romano"
ki_HRE_ADJ:0 "Sagrado Romano"
dyn_c_holy_roman_republic: "Sacro República Romana"
dyn_c_holiest_roman_empire: "Sacro Império Romano"
dyn_c_holy_socialist_republics: "Repúblicas Sagradas Socialistas"
dyn_c_holy_commune: "Sagrada Comuna"

ki_IFR:0 "Federação Imperial"
ki_IFR_ADJ:0 "Imperial"
dyn_c_holy_global_federation: "Santa Federação Global"
dyn_c_global_socialist_federation: "Federação Socialista Global"
dyn_c_global_anarchist_society: "Sociedade Anarquista Global"

ki_SOM:0 "Somália"
ki_SOM_ADJ:0 "Somali"

ki_RMA:0 "Império Romano"
ki_RMA_ADJ:0 "Romano"
dyn_c_free_roman_lands: "Terras Romanas Livres"

ki_BGR:0 "Bulgária-Romênia"
ki_BGR_ADJ:0 "búlgaro-romeno"

ki_LMV:0 "Lombardia-Veneza"
ki_LMV_ADJ:0 "Lombardo-Venetian"

ki_BON:0 "Bornéu"
ki_BON_ADJ:0 "Bornean"

ki_ANC:0 "Confederação das Antilhas"
ki_ANC_ADJ:0 "Antilhano"

ki_PAG:0 "Pátria Grande"
ki_PAG_ADJ:0 "Patriano"
dyn_c_ursal: "União das Repúblicas Socialistas da América Latina"

ki_GRL:0 "Grandelumière"
ki_GRL_ADJ:0 "Grande Lumière"

ki_BAA:0 "Banatia"
ki_BAA_ADJ:0 "Banatian"

ki_BAN:0 "Banato"
ki_BAN_ADJ:0 "Banat"

ki_GMV:0 "Grande Morávia"
ki_GMV_ADJ:0 "Morávia"

ki_ILY:0 "Illyria"
ki_ILY_ADJ:0 "Ilíria"

ki_BKV:0 "Bucovina"
ki_BKV_ADJ:0 "Bucovinense"

ki_JAU:0 "Goshu"
ki_JAU_ADJ:0 "Goshu"

ki_JER:0 "Jerusalém"
ki_JER_ADJ:0 "Jerusalém"
dyn_c_kingdom_of_jerusalem: "Reino de Jerusalém"

ki_EAF:0 "África Oriental"
ki_EAF_ADJ:0 "África Oriental"
dyn_c_east_african_federation: "Federação da África Oriental"
dyn_c_east_african_commune: "Comuna da África Oriental"
dyn_c_east_african_kingdom: "Reino da África Oriental"

ki_ACA:0 "Acádia"
ki_ACA_ADJ:0 "Acadiano"

ki_NOF:0 "Nova França"
ki_NOF_ADJ:0 "Nouveau Français"

ki_PAS:0 "Estados do Pacífico"
ki_PAS_ADJ:0 "Pacífico"
dyn_c_pacific_kingdom: "Reino do Pacífico"
dyn_c_pacific_commune: "Comuna do Pacífico"

ki_CAC:0 "Cascadia"
ki_CAC_ADJ:0 "Cascadiano"
dyn_c_cascadian_kindgom: "Reino Cascadian"

ki_GLR:0 "República dos Grandes Lagos"
ki_GLR_ADJ:0 "Grandes Lagos"
dyn_c_kingdom_of_the_great_lakes: "Reino dos Grandes Lagos"
dyn_c_great_lakes_communes: "Comunas dos Grandes Lagos"

ki_TDW:0 "água da maré"
ki_TDW_ADJ:0 "água da maré"
dyn_c_ocean_kingdom: "Reino do Oceano"
dyn_c_tide_communist_state: "Estado comunista da maré"

ki_APL:0 "Appalachia"
ki_APL_ADJ:0 "Apalaches"
dyn_c_mountain_kingdom: "Reino da Montanha"
dyn_c_appalachian_commune: "Comuna dos Apalaches"

ki_ATC:0 "Atlântica"
ki_ATC_ADJ:0 "Atlântico"
dyn_c_atlantis: "Atlântida"
dyn_c_atlantic_society: "Sociedade Atlântica"

ki_AXO:0 "Arixo"
ki_AXO_ADJ:0 "Arixo"
dyn_c_arixo_kingdom: "Reino Arixo"

ki_ROK:0 "República das Montanhas Rochosas"
ki_ROK_ADJ:0 "Rochoso"
dyn_c_kingdom_of_the_rockies: "Reino das Montanhas Rochosas"
dyn_c_rock_community: "Comunidade do Rock"

ki_MWR:0 "República Centro-Oeste"
ki_MWR_ADJ:0 "Centro-Oeste"
dyn_c_great_plains_kingdom: "Reino das Grandes Planícies"
dyn_c_great_plains_communes: "Comunas das Grandes Planícies"

ki_DIX:0 "Dixie"
ki_DIX_ADJ:0 "Dixie"
dyn_c_southern_kingdom: "Reino do Sul"
dyn_c_southern_communes: "Comuna do Sul"

ki_GTX:0 "Grande Texas"
ki_GTX_ADJ:0 "Grande Texano"

ki_DKO:0 "Dakota"
ki_DKO_ADJ:0 "Dakotan"

ki_CAR:0 "Carolina"
ki_CAR_ADJ:0 "Carolina"

ki_TTC:0 "Treze Colônias"
ki_TTC_ADJ:0 "Colonial"
dyn_c_new_brittain: "Nova Bretanha"
dyn_c_thirteen_communes: "Treze Comunas"

ki_ARC:0 "Estados Árticos"
ki_ARC_ADJ:0 "Ártico"
dyn_c_arctic_kindom: "Reino Ártico"
dyn_c_arctic_society: "Sociedade Ártica"
dyn_c_hyperborea: "Hiperborea"

ki_MAE:0 "Maine"
ki_MAE_ADJ:0 "Principal"
ki_NHM:0 "New Hampshire"
ki_NHM_ADJ:0 "Novo Hampshire"
ki_VER:0 "Vermont"
ki_VER_ADJ:0 "Vermonter"
ki_MSC:0 "Massachusetts"
ki_MSC_ADJ:0 "Massachusettsan"
ki_RHI:0 "Rhode Island"
ki_RHI_ADJ:0 "Rhode Islandiano"
ki_CNN:0 "Connecticut"
ki_CNN_ADJ:0 "Connectador"
ki_NYK:0 "Nova York"
ki_NYK_ADJ:0 "Nova-iorquino"
ki_NJY:0 "Nova Jersey"
ki_NJY_ADJ:0 "Nova Jersey"
ki_PEN:0 "Pensilvânia"
ki_PEN_ADJ:0 "Pensilvânia"
ki_DEL:0 "Delaware"
ki_DEL_ADJ:0 "delawareano"
ki_MAR:0 "Maryland"
ki_MAR_ADJ:0 "Marylander"
ki_VIR:0 "Virgínia"
ki_VIR_ADJ:0 "Virginiano"
ki_NCR:0 "Carolina do Norte"
ki_NCR_ADJ:0 "Carolina do Norte"
ki_SCR:0 "Carolina do Sul"
ki_SCR_ADJ:0 "Carolina do Sul"
ki_GRG:0 "Geórgia"
ki_GRG_ADJ:0 "georgiano"
ki_FLR:0 "Flórida"
ki_FLR_ADJ:0 "Floridiano"
ki_OHI:0 "Ohio"
ki_OHI_ADJ:0 "Ohioano"
ki_INA:0 "Indiana"
ki_INA_ADJ:0 "Indiana"
ki_ILL:0 "Illinois"
ki_ILL_ADJ:0 "Illinoisan"
ki_WVA:0 "Virgínia Ocidental"
ki_WVA_ADJ:0 "Virgínia Ocidental"
ki_KEN:0 "Kentucky"
ki_KEN_ADJ:0 "Kentuckiano"
ki_TEN:0 "Tennessee"
ki_TEN_ADJ:0 "Tennesseeano"
ki_ALA:0 "Alabama"
ki_ALA_ADJ:0 "Alabama"
ki_MIS:0 "Mississippi"
ki_MIS_ADJ:0 "Mississipiano"
ki_MIN:0 "Minnesota"
ki_MIN_ADJ:0 "Minnesota"
ki_WIS:0 "Wisconsin"
ki_WIS_ADJ:0 "Wisconsinite"
ki_IOA:0 "Iowa"
ki_IOA_ADJ:0 "Iowan"
ki_MSR:0 "Missouri"
ki_MSR_ADJ:0 "Missouriana"
ki_ARK:0 "Arkansas"
ki_ARK_ADJ:0 "Arkansas"
ki_NDK:0 "Dakota do Norte"
ki_NDK_ADJ:0 "North Dakotan"
ki_SDK:0 "Dakota do Sul"
ki_SDK_ADJ:0 "South Dakotan"
ki_NEB:0 "Nebraska"
ki_NEB_ADJ:0 "Nebraskan"
ki_KAN:0 "Kansas"
ki_KAN_ADJ:0 "Kansan"
ki_OKL:0 "Oklahoma"
ki_OKL_ADJ:0 "Oklahoman"
ki_MTN:0 "Montana"
ki_MTN_ADJ:0 "Montana"
ki_WYO:0 "Wyoming"
ki_WYO_ADJ:0 "Wyomingite"
ki_CDO:0 "Colorado"
ki_CDO_ADJ:0 "Coloradoano"
ki_NMX:0 "Novo México"
ki_NMX_ADJ:0 "Novo mexicano"
ki_IDA:0 "Idaho"
ki_IDA_ADJ:0 "Idahoan"
ki_ARI:0 "Arizona"
ki_ARI_ADJ:0 "Arizona"
ki_WSH:0 "Washington"
ki_WSH_ADJ:0 "Washingtoniano"
ki_ORE:0 "Oregon"
ki_ORE_ADJ:0 "Oregoniano"
ki_NEV:0 "Nevada"
ki_NEV_ADJ:0 "Nevada"
ki_AKA:0 "Alasca"
ki_AKA_ADJ:0 "Alasca"

ki_NTH:0 "Northumbria"
ki_NTH_ADJ:0 "Nortumbriano"

ki_GOT:0 "Gotlândia"
ki_GOT_ADJ:0 "Gotlander"

ki_FAL:0 "Alsácia-Lorena"
ki_FAL_ADJ:0 "Alsácia"

ki_GEL:0 "Elsass-Lothringen"
ki_GEL_ADJ:0 "Elsassiano"

ki_AAL:0 "Åland"
ki_AAL_ADJ:0 "Ålander"

ki_SUT:0 "Sul do Tirol"
ki_SUT_ADJ:0 "Sul do Tirol"

ki_AGV:0 "Império Angevino"
ki_AGV_ADJ:0 "Angevin"
dyn_c_angevin_republic: "República Dupla"
dyn_c_channel_council: "Conselho do Canal"

dyn_c_portugal_galicia: "Portugaliza"

dyn_c_denmark_norway: "Dinamarca-Noruega"

ki_CSR:0 "Cono Sul"
ki_CSR_ADJ:0 "Cono Sul"

ki_VLS:0 "Volkstaat"
ki_VLS_ADJ:0 "Volk"

ki_ALP:0 "República Alpina"
ki_ALP_ADJ:0 "Alpino"
dyn_c_alpine_kingdom: "Império Alpino"
dyn_c_alpine_commune: "Comuna Alpina"
dyn_c_alpine_see: "Alpine See"

ki_TER:0 "Rumélia"
ki_TER_ADJ:0 "rumeliano"

ki_ICH:0 "Indochina"
ki_ICH_ADJ:0 "Indochinês"

ki_GAY:0 "Guiana"
ki_GAY_ADJ:0 "Guayanês"

ki_KOS:0 "Kosovo"
ki_KOS_ADJ:0 "Kosovar"

ki_ISB:0 "Beta-Israel"
ki_ISB_ADJ:0 "Beta-israelense"

ki_ISE:0 "Conselho das Quatro Terras"
ki_ISE_ADJ:0 "Conselho"

ki_ISC:0 "Ashkenaz"
ki_ISC_ADJ:0 "Ashkenazi"

ki_JAO:0 "Oblast Autônomo Judaico"
ki_JAO_ADJ:0 "judeu"

ki_CAU:0 "Cáucaso"
ki_CAU_ADJ:0 "Caucasiano"

ki_GAR:0 "Grande Armênia"
ki_GAR_ADJ:0 "Grande Armênio"

ki_MLY:0 "Malásia"
ki_MLY_ADJ:0 "Malaio"

ki_BHM:0 "Böhmen"
ki_BHM_ADJ:0 "Böhmisch"

ki_MGB:0 "Magrebe"
ki_MGB_ADJ:0 "Magrebe"

ki_SGP:0 "Cingapura"
ki_SGP_ADJ:0 "Singapura"

ki_PKI:0 "Paquistão"
ki_PKI_ADJ:0 "Paquistanês"

ki_KRL:0 "Carélia"
ki_KRL_ADJ:0 "Careliano"

ki_NOV:0 "Novgorod"
ki_NOV_ADJ:0 "Novgorod"

ki_ING:0 "Íngria"
ki_ING_ADJ:0 "Ingriano"

ki_GLB:0 "Grande Libéria"
ki_GLB_ADJ:0 "Grande Libéria"

ki_USL:0 "Estados Unidos da África"
ki_USL_ADJ:0 "Africa unidense"
 
 ki_SBB:0 "Siebenbürgen"
 ki_SBB_ADJ:0 "Siebenbürger"
 
 ki_GBD:0 "Ducado Báltico Unido"
 ki_GBD_ADJ:0 "Alemão Báltico"
 dyn_c_baltic_state: "Estado Báltico"
 dyn_c_baltic_state_adj: "Alemão Báltico"
 dyn_c_baltic_german_union: "União Germano-Báltica"
 dyn_c_baltic_german_union: "Alemão Báltico"
 
 ki_BGD:0 "Borgonha"
 ki_BGD_ADJ:0 "Borgonhês"
 
 ki_GHN:0 "Transdanúbia"
 ki_GHN_ADJ:0 "Transdanúbio"
 
 ki_NMD:0 "Normandia"
 ki_NMD_ADJ:0 "Normando"
 
 ki_VRD:0 "Vardar"
 ki_VRD_ADJ:0 "Vardar"
 
 ki_MCD:0 "Macedônia"
 ki_MCD_ADJ:0 "Macedônio"
 
 ki_SLE:0 "Silésia"
 ki_SLE_ADJ:0 "Silésio"
 
 ki_PZN:0 "Poznań"
 ki_PZN_ADJ:0 "Poznań"
 
 ki_BRB:0 "Brandemburgo"
 ki_BRB_ADJ:0 "Brandemburguês"
 
 ki_APT:0 "Arpitania"
 ki_APT_ADJ:0 "Arpitano"
 
 ki_ALM:0 "Alemães"
 ki_ALM_ADJ:0 "Alemães"
 
 ki_ATV:0 "Altava"
 ki_ATV_ADJ:0 "Altaviano"
 
 ki_LVT:0 "Levante"
 ki_LVT_ADJ:0 "Levantino"
 
 ki_MSQ:0 "Mashriq"
 ki_MSQ_ADJ:0 "Mashriqi"

 dyn_c_levantine_federation:0 "Federação do Levante"
 dyn_c_levantine_federation_adj:0 "Levantino"
 dyn_c_levantine_kingdom:0 "Reino Levantino"
 dyn_c_levantine_kingdom_adj:0 "Levantino"
 dyn_c_levantine_union:0 "União do Levante"
 dyn_c_levantine_union_adj:0 "Levantino"
 dyn_c_levantine_state:0 "Estado Levantino"
 dyn_c_levantine_state_adj:0 "Levantino"

 
 ki_SIU:0 "Coroa Italo-Espanhola"
 ki_SIU_ADJ:0 "Italo-Espanhol"
 dyn_c_italo_spanish_union:0 "União Italo-Espanhola"
 dyn_c_italo_spanish_union_adj:0 "Italo-Espanhol"
 dyn_c_italo_spanish_republic:0 "República Italo-Espanhola"
 dyn_c_italo_spanish_republic_adj:0 "Italo-Espanhol"
 
 ki_WUK:0 "Ucrânia Ocidental"
 ki_WUK_ADJ:0 "Ucraniano Ocidental"
 
 ki_PSV:0 "Eslávia"
 ki_PSV_ADJ:0 "Eslavo"
 
 ki_NGR:0 "Nigéria"
 ki_NGR_ADJ:0 "Nigeriano"
 
 ki_WLF:0 "Wolof"
 ki_WLF_ADJ:0 "Wolofan
 
 ki_TBZ:0 "Ponto"
 ki_TBZ_ADJ:0 "Ponto"
 dyn_c_kingdom_of_trebizond:0 "Trebizonda"
 dyn_c_kingdom_of_trebizond_adj:0 "Trebizonda"
 
 ki_RDS:0 "Rodésia"
 ki_RDS_ADJ:0 "Rodesiano"
 
 ki_AKN:0 "Akan"
 ki_AKN_ADJ:0 "Akan"
 
 ki_KBN:0 "Kanem-Bornu"
 ki_KBN_ADJ:0 "Bornu"
 
 ki_KTR:0 "Kitara"
 ki_KTR_ADJ:0 "Kitarano"
 
 ki_ATU:0 "Astúrias"
 ki_ATU_ADJ:0 "Asturiano"
 
 ki_LIV:0 "Livônia"
 ki_LIV_ADJ:0 "Livoniano"
 
 ki_LIB:0 "Lituânia-Bielo-Rússia"
 ki_LIB_ADJ:0 "Lituano-Bielo-Russo"
 
 ki_CUR:0 "Curlândia"
 ki_CUR_ADJ:0 "Curlandês"
 
 ki_NCA:0 "Cáucaso do Norte"
 ki_NCA_ADJ:0 "Caucasiano do Norte"

 ki_ANA:0 "Anatólia"
 ki_ANA_ADJ:0 "Anatólio"
 
 ki_BAO:0 "Banda Oriental"
 ki_BAO_ADJ:0 "Banda Oriental"
 
 ki_EPR:0 "Prússia Oriental"
 ki_EPR_ADJ:0 "Prussiano Oriental"
 
 ki_PUK:0 "Reino Unido"
 ki_PUK_ADJ:0 "Porto-Brasileiro"
 dyn_c_lusitanian_union: "União Lusitana"
 dyn_c_lusitanian_union_adj: "Lusitano"
 dyn_c_united_republic: "República Unida"
 dyn_c_united_republic_adj: "Lusitano"
 
 ki_SRD:0 "Sardenha"
 ki_SRD_ADJ:0 "Sardo"
 
 ki_CSU:0 "Córsega-Sardenha"
 ki_CSU_ADJ:0 "Corso-Sardo"
 
 ki_YUA:0 "Yuan"
 ki_YUA_ADJ:0 "Yuan"
 
 dyn_c_thunder_dragon_empire: "Império do Dragão do Trovão"
 dyn_c_thunder_dragon_empire_adj: "Butanês"